{
  "FilterHeaders": [
    {
      "Header": "user-agent",
      "IncludeInScript": false
    },
    {
      "Header": "upgrade-insecure-requests",
      "IncludeInScript": true
    },
    {
      "Header": "sec-fetch-user",
      "IncludeInScript": true
    },
    {
      "Header": "sec-fetch-site",
      "IncludeInScript": true
    },
    {
      "Header": "sec-fetch-mode",
      "IncludeInScript": true
    },
    {
      "Header": "sec-fetch-dest",
      "IncludeInScript": true
    },
    {
      "Header": "sec-ch-ua-platform",
      "IncludeInScript": true
    },
    {
      "Header": "sec-ch-ua-mobile",
      "IncludeInScript": true
    },
    {
      "Header": "sec-ch-ua",
      "IncludeInScript": true
    },
    {
      "Header": "origin",
      "IncludeInScript": true
    },
    {
      "Header": "cache-control",
      "IncludeInScript": true
    },
    {
      "Header": "accept-language",
      "IncludeInScript": true
    },
    {
      "Header": "accept-encoding",
      "IncludeInScript": true
    },
    {
      "Header": "accept",
      "IncludeInScript": true
    }
  ],
  "FilterResources": [
    {
      "IsNonResource": true,
      "type": "text/html"
    },
    {
      "IsNonResource": false,
      "type": "text/css"
    },
    {
      "IsNonResource": false,
      "type": "image/gif"
    }
  ],
  "GeneralInfo": {
    "BrowserVersion": "",
    "IsWinInetMode": false,
    "MaxUsedConnections": 8,
    "RecordedBrowser": "Chrome",
    "RecordingDate": "Jun-28-2023",
    "RecordingDuration": 569109,
    "RecordingMode": "N/A",
    "RecordingTimeStamp": 1687927567,
    "RecordingType": "Browser",
    "TotalBytesReceived": 106786,
    "TotalBytesSent": 23999,
    "TotalRequests": 31,
    "UserAgent": "Mozilla/5.0 (Windows NT 10.0; Win64; x64) AppleWebKit/537.36 (KHTML, like Gecko) Chrome/114.0.0.0 Safari/537.36"
  },
  "HostInfo": [
    {
      "DomainName": "octoperf.com",
      "Domains": [
        {
          "HTTPVersion": "HTTP/1.1",
          "IP": "49.12.128.248",
          "IncludeInScript": true,
          "Name": "petstore.octoperf.com",
          "Port": 443,
          "Requests": [
            {
              "CompressionType": "",
              "DataType": "text/html",
              "DownloadTime": 203,
              "EventId": 245,
              "HttpStatus": 200,
              "Size": 4503,
              "URL": "https://petstore.octoperf.com/actions/Catalog.action"
            },
            {
              "CompressionType": "",
              "DataType": "",
              "DownloadTime": 219,
              "EventId": 241,
              "HttpStatus": 302,
              "Size": 0,
              "URL": "https://petstore.octoperf.com/actions/Account.action?signoff="
            },
            {
              "CompressionType": "",
              "DataType": "text/html",
              "DownloadTime": 219,
              "EventId": 234,
              "HttpStatus": 200,
              "Size": 4730,
              "URL": "https://petstore.octoperf.com/actions/Catalog.action"
            },
            {
              "CompressionType": "",
              "DataType": "text/html",
              "DownloadTime": 265,
              "EventId": 228,
              "HttpStatus": 200,
              "Size": 4982,
              "URL": "https://petstore.octoperf.com/actions/Order.action?newOrder=&confirmed=true"
            },
            {
              "CompressionType": "",
              "DataType": "text/html",
              "DownloadTime": 500,
              "EventId": 216,
              "HttpStatus": 200,
              "Size": 4286,
              "URL": "https://petstore.octoperf.com/actions/Order.action"
            },
            {
              "CompressionType": "",
              "DataType": "text/html",
              "DownloadTime": 266,
              "EventId": 201,
              "HttpStatus": 200,
              "Size": 5158,
              "URL": "https://petstore.octoperf.com/actions/Order.action?newOrderForm="
            },
            {
              "CompressionType": "",
              "DataType": "text/html",
              "DownloadTime": 313,
              "EventId": 191,
              "HttpStatus": 200,
              "Size": 4393,
              "URL": "https://petstore.octoperf.com/actions/Cart.action?addItemToCart=&workingItemId=EST-1"
            },
            {
              "CompressionType": "",
              "DataType": "text/html",
              "DownloadTime": 329,
              "EventId": 187,
              "HttpStatus": 200,
              "Size": 3831,
              "URL": "https://petstore.octoperf.com/actions/Catalog.action?viewProduct=&productId=FI-SW-01"
            },
            {
              "CompressionType": "",
              "DataType": "text/html",
              "DownloadTime": 328,
              "EventId": 183,
              "HttpStatus": 200,
              "Size": 3653,
              "URL": "https://petstore.octoperf.com/actions/Catalog.action?viewCategory=&categoryId=FISH"
            },
            {
              "CompressionType": "",
              "DataType": "image/gif",
              "DownloadTime": 718,
              "EventId": 172,
              "HttpStatus": 200,
              "Size": 6161,
              "URL": "https://petstore.octoperf.com/images/banner_dogs.gif"
            },
            {
              "CompressionType": "",
              "DataType": "text/html",
              "DownloadTime": 359,
              "EventId": 168,
              "HttpStatus": 200,
              "Size": 4730,
              "URL": "https://petstore.octoperf.com/actions/Catalog.action"
            },
            {
              "CompressionType": "",
              "DataType": "",
              "DownloadTime": 453,
              "EventId": 166,
              "HttpStatus": 302,
              "Size": 0,
              "URL": "https://petstore.octoperf.com/actions/Account.action"
            },
            {
              "CompressionType": "",
              "DataType": "text/html",
              "DownloadTime": 203,
              "EventId": 164,
              "HttpStatus": 200,
              "Size": 3626,
              "URL": "https://petstore.octoperf.com/actions/Account.action;jsessionid=B64460118931467CD75C1ECF7C253380?signonForm="
            },
            {
              "CompressionType": "",
              "DataType": "image/gif",
              "DownloadTime": 313,
              "EventId": 154,
              "HttpStatus": 200,
              "Size": 398,
              "URL": "https://petstore.octoperf.com/images/sm_reptiles.gif"
            },
            {
              "CompressionType": "",
              "DataType": "image/gif",
              "DownloadTime": 234,
              "EventId": 152,
              "HttpStatus": 200,
              "Size": 468,
              "URL": "https://petstore.octoperf.com/images/dogs_icon.gif"
            },
            {
              "CompressionType": "",
              "DataType": "image/gif",
              "DownloadTime": 203,
              "EventId": 150,
              "HttpStatus": 200,
              "Size": 439,
              "URL": "https://petstore.octoperf.com/images/fish_icon.gif"
            },
            {
              "CompressionType": "",
              "DataType": "image/gif",
              "DownloadTime": 187,
              "EventId": 147,
              "HttpStatus": 200,
              "Size": 471,
              "URL": "https://petstore.octoperf.com/images/birds_icon.gif"
            },
            {
              "CompressionType": "",
              "DataType": "image/gif",
              "DownloadTime": 187,
              "EventId": 144,
              "HttpStatus": 200,
              "Size": 408,
              "URL": "https://petstore.octoperf.com/images/cats_icon.gif"
            },
            {
              "CompressionType": "",
              "DataType": "image/gif",
              "DownloadTime": 219,
              "EventId": 133,
              "HttpStatus": 200,
              "Size": 36097,
              "URL": "https://petstore.octoperf.com/images/splash.gif"
            },
            {
              "CompressionType": "",
              "DataType": "image/gif",
              "DownloadTime": 188,
              "EventId": 131,
              "HttpStatus": 200,
              "Size": 251,
              "URL": "https://petstore.octoperf.com/images/sm_birds.gif"
            },
            {
              "CompressionType": "",
              "DataType": "image/gif",
              "DownloadTime": 203,
              "EventId": 129,
              "HttpStatus": 200,
              "Size": 289,
              "URL": "https://petstore.octoperf.com/images/sm_cats.gif"
            },
            {
              "CompressionType": "",
              "DataType": "image/gif",
              "DownloadTime": 188,
              "EventId": 127,
              "HttpStatus": 200,
              "Size": 669,
              "URL": "https://petstore.octoperf.com/images/reptiles_icon.gif"
            },
            {
              "CompressionType": "",
              "DataType": "image/gif",
              "DownloadTime": 188,
              "EventId": 123,
              "HttpStatus": 200,
              "Size": 306,
              "URL": "https://petstore.octoperf.com/images/sm_dogs.gif"
            },
            {
              "CompressionType": "",
              "DataType": "image/gif",
              "DownloadTime": 188,
              "EventId": 121,
              "HttpStatus": 200,
              "Size": 46,
              "URL": "https://petstore.octoperf.com/images/separator.gif"
            },
            {
              "CompressionType": "",
              "DataType": "image/gif",
              "DownloadTime": 172,
              "EventId": 119,
              "HttpStatus": 200,
              "Size": 271,
              "URL": "https://petstore.octoperf.com/images/sm_fish.gif"
            },
            {
              "CompressionType": "",
              "DataType": "image/gif",
              "DownloadTime": 203,
              "EventId": 106,
              "HttpStatus": 200,
              "Size": 96,
              "URL": "https://petstore.octoperf.com/images/cart.gif"
            },
            {
              "CompressionType": "",
              "DataType": "image/gif",
              "DownloadTime": 203,
              "EventId": 104,
              "HttpStatus": 200,
              "Size": 3808,
              "URL": "https://petstore.octoperf.com/images/logo-topbar.gif"
            },
            {
              "CompressionType": "",
              "DataType": "text/html",
              "DownloadTime": 204,
              "EventId": 99,
              "HttpStatus": 200,
              "Size": 5119,
              "URL": "https://petstore.octoperf.com/actions/Catalog.action"
            },
            {
              "CompressionType": "",
              "DataType": "text/html",
              "DownloadTime": 187,
              "EventId": 83,
              "HttpStatus": 404,
              "Size": 762,
              "URL": "https://petstore.octoperf.com/favicon.ico"
            },
            {
              "CompressionType": "",
              "DataType": "text/css",
              "DownloadTime": 188,
              "EventId": 76,
              "HttpStatus": 200,
              "Size": 5680,
              "URL": "https://petstore.octoperf.com/css/jpetstore.css"
            },
            {
              "CompressionType": "",
              "DataType": "text/html",
              "DownloadTime": 203,
              "EventId": 72,
              "HttpStatus": 200,
              "Size": 1155,
              "URL": "https://petstore.octoperf.com/"
            }
          ],
          "SSLCipher": "TLS_AES_256_GCM_SHA384",
          "SSLVersion": "TLS1.3"
        }
      ],
      "IncludeInScript": true
    },
    {
      "DomainName": "googleapis.com",
      "Domains": [
        {
          "HTTPVersion": "HTTP/1.1",
          "IP": "[2404:6800:4007:821::2003]",
          "IncludeInScript": false,
          "Name": "update.googleapis.com",
          "Port": 80,
          "Requests": [
            {
              "CompressionType": "gzip",
              "DataType": "application/json",
              "DownloadTime": 360,
              "EventId": 159,
              "HttpStatus": 200,
              "Size": 1014,
              "URL": "http://update.googleapis.com/service/update2/json?cup2key=13:hQWg2BgZ6MR-DioH2BGVfB7352-T5mVWYOEZ2hf1MeM&cup2hreq=78a2ced3888adb1cacd61bf5355b3e494c55b81abb6e23dc71626336501909c3"
            }
          ],
          "SSLCipher": "None",
          "SSLVersion": "None"
        },
        {
          "HTTPVersion": "HTTP/1.1",
          "IP": "[2404:6800:4007:81b::200a]",
          "IncludeInScript": false,
          "Name": "optimizationguide-pa.googleapis.com",
          "Port": 443,
          "Requests": [
            {
              "CompressionType": "gzip",
              "DataType": "application/x-protobuf",
              "DownloadTime": 250,
              "EventId": 94,
              "HttpStatus": 200,
              "Size": 1375,
              "URL": "https://optimizationguide-pa.googleapis.com/v1:GetModels?key=AIzaSyBOti4mM-6x9WDnZIjIeyEU21OpBXqWBgw"
            }
          ],
          "SSLCipher": "TLS_AES_256_GCM_SHA384",
          "SSLVersion": "TLS1.3"
        },
        {
          "HTTPVersion": "HTTP/1.1",
          "IP": "[2404:6800:4007:821::2003]",
          "IncludeInScript": false,
          "Name": "clientservices.googleapis.com",
          "Port": 443,
          "Requests": [
            {
              "CompressionType": "",
              "DataType": "",
              "DownloadTime": 812,
              "EventId": 89,
              "HttpStatus": 304,
              "Size": 0,
              "URL": "https://clientservices.googleapis.com/chrome-variations/seed?osname=win&channel=stable&milestone=114"
            }
          ],
          "SSLCipher": "",
          "SSLVersion": ""
        }
      ],
      "IncludeInScript": true
    },
    {
      "DomainName": "google.com",
      "Domains": [
        {
          "HTTPVersion": "HTTP/1.1",
          "IP": "[2404:6800:4007:81c::200d]",
          "IncludeInScript": false,
          "Name": "accounts.google.com",
          "Port": 443,
          "Requests": [
            {
              "CompressionType": "gzip",
              "DataType": "application/json",
              "DownloadTime": 250,
              "EventId": 85,
              "HttpStatus": 200,
              "Size": 43,
              "URL": "https://accounts.google.com/ListAccounts?gpsia=1&source=ChromiumBrowser&json=standard"
            }
          ],
          "SSLCipher": "TLS_AES_256_GCM_SHA384",
          "SSLVersion": "TLS1.3"
        }
      ],
      "IncludeInScript": true
    }
  ],
  "WebSocket": {
    "IncludeInScript": false,
    "IsScriptIncludeWebSocket": false
  },
  "NumberOfCorrelations": 9
}